"ID","Active","Exam","Topic","Subtopic","PublishDate","Question","OptionA","OptionB","OptionC","OptionD","CorrectAnswer","ExplanationA","ExplanationB","ExplanationC","ExplanationD"
"FALLBACK-001","TRUE","TNPSC Group IV","TNPSC Group IV Mixed","Indian Polity","","Which Article of the Constitution guarantees equality before law and equal protection of the laws?","Article 14","Article 19","Article 21","Article 32","A","Correct. Article 14 guarantees equality before the law and equal protection of the laws within India.","Incorrect. The correct answer is A: Article 14. Article 14 guarantees equality before the law and equal protection of the laws within India.","Incorrect. The correct answer is A: Article 14. Article 14 guarantees equality before the law and equal protection of the laws within India.","Incorrect. The correct answer is A: Article 14. Article 14 guarantees equality before the law and equal protection of the laws within India."
"FALLBACK-002","TRUE","TNPSC Group IV","TNPSC Group IV Mixed","Indian Polity","","The Directive Principles of State Policy are contained in which Part of the Constitution?","Part III","Part IV","Part IVA","Part V","B","Incorrect. The correct answer is B: Part IV. The Directive Principles of State Policy are contained in Part IV of the Constitution, Articles 36 to 51.","Correct. The Directive Principles of State Policy are contained in Part IV of the Constitution, Articles 36 to 51.","Incorrect. The correct answer is B: Part IV. The Directive Principles of State Policy are contained in Part IV of the Constitution, Articles 36 to 51.","Incorrect. The correct answer is B: Part IV. The Directive Principles of State Policy are contained in Part IV of the Constitution, Articles 36 to 51."
"FALLBACK-003","TRUE","TNPSC Group IV","TNPSC Group IV Mixed","History","","Who founded the Indian National Congress in 1885 with support from early Indian leaders?","A.O. Hume","Bal Gangadhar Tilak","Dadabhai Naoroji","Gopal Krishna Gokhale","A","Correct. A.O. Hume played a key organizational role in founding the Indian National Congress in 1885.","Incorrect. The correct answer is A: A.O. Hume. A.O. Hume played a key organizational role in founding the Indian National Congress in 1885.","Incorrect. The correct answer is A: A.O. Hume. A.O. Hume played a key organizational role in founding the Indian National Congress in 1885.","Incorrect. The correct answer is A: A.O. Hume. A.O. Hume played a key organizational role in founding the Indian National Congress in 1885."
"FALLBACK-004","TRUE","TNPSC Group IV","TNPSC Group IV Mixed","History","","The Vellore Mutiny took place in which year?","1799","1801","1806","1857","C","Incorrect. The correct answer is C: 1806. The Vellore Mutiny occurred on 10 July 1806 in Vellore, Tamil Nadu.","Incorrect. The correct answer is C: 1806. The Vellore Mutiny occurred on 10 July 1806 in Vellore, Tamil Nadu.","Correct. The Vellore Mutiny occurred on 10 July 1806 in Vellore, Tamil Nadu.","Incorrect. The correct answer is C: 1806. The Vellore Mutiny occurred on 10 July 1806 in Vellore, Tamil Nadu."
"FALLBACK-005","TRUE","TNPSC Group IV","TNPSC Group IV Mixed","Geography","","Which river is known as the Dakshin Ganga?","Krishna","Godavari","Kaveri","Narmada","B","Incorrect. The correct answer is B: Godavari. The Godavari is often called the Dakshin Ganga because of its size and importance in peninsular India.","Correct. The Godavari is often called the Dakshin Ganga because of its size and importance in peninsular India.","Incorrect. The correct answer is B: Godavari. The Godavari is often called the Dakshin Ganga because of its size and importance in peninsular India.","Incorrect. The correct answer is B: Godavari. The Godavari is often called the Dakshin Ganga because of its size and importance in peninsular India."
"FALLBACK-006","TRUE","TNPSC Group IV","TNPSC Group IV Mixed","Geography","","The Tropic of Cancer passes through how many Indian states?","6","7","8","9","C","Incorrect. The correct answer is C: 8. The Tropic of Cancer passes through 8 Indian states.","Incorrect. The correct answer is C: 8. The Tropic of Cancer passes through 8 Indian states.","Correct. The Tropic of Cancer passes through 8 Indian states.","Incorrect. The correct answer is C: 8. The Tropic of Cancer passes through 8 Indian states."
"FALLBACK-007","TRUE","TNPSC Group IV","TNPSC Group IV Mixed","Economy","","Which institution is responsible for monetary policy in India?","SEBI","RBI","NITI Aayog","Finance Commission","B","Incorrect. The correct answer is B: RBI. The Reserve Bank of India is responsible for formulating and implementing monetary policy in India.","Correct. The Reserve Bank of India is responsible for formulating and implementing monetary policy in India.","Incorrect. The correct answer is B: RBI. The Reserve Bank of India is responsible for formulating and implementing monetary policy in India.","Incorrect. The correct answer is B: RBI. The Reserve Bank of India is responsible for formulating and implementing monetary policy in India."
"FALLBACK-008","TRUE","TNPSC Group IV","TNPSC Group IV Mixed","Economy","","Gross Domestic Product measures the value of final goods and services produced within a country's boundaries during a given period. This statement is:","Correct","Incorrect","Correct only for agriculture","Correct only for government output","A","Correct. GDP measures the market value of final goods and services produced within a country's domestic territory during a specified period.","Incorrect. The correct answer is A: Correct. GDP measures the market value of final goods and services produced within a country's domestic territory during a specified period.","Incorrect. The correct answer is A: Correct. GDP measures the market value of final goods and services produced within a country's domestic territory during a specified period.","Incorrect. The correct answer is A: Correct. GDP measures the market value of final goods and services produced within a country's domestic territory during a specified period."
"FALLBACK-009","TRUE","TNPSC Group IV","TNPSC Group IV Mixed","Science","","Which vitamin is mainly synthesized in human skin on exposure to sunlight?","Vitamin A","Vitamin B12","Vitamin C","Vitamin D","D","Incorrect. The correct answer is D: Vitamin D. Ultraviolet B radiation helps the skin synthesize vitamin D.","Incorrect. The correct answer is D: Vitamin D. Ultraviolet B radiation helps the skin synthesize vitamin D.","Incorrect. The correct answer is D: Vitamin D. Ultraviolet B radiation helps the skin synthesize vitamin D.","Correct. Ultraviolet B radiation helps the skin synthesize vitamin D."
"FALLBACK-010","TRUE","TNPSC Group IV","TNPSC Group IV Mixed","Science","","The SI unit of electric current is:","Volt","Ohm","Ampere","Watt","C","Incorrect. The correct answer is C: Ampere. The ampere is the SI base unit of electric current.","Incorrect. The correct answer is C: Ampere. The ampere is the SI base unit of electric current.","Correct. The ampere is the SI base unit of electric current.","Incorrect. The correct answer is C: Ampere. The ampere is the SI base unit of electric current."
"FALLBACK-011","TRUE","TNPSC Group IV","TNPSC Group IV Mixed","Tamil Nadu","","The first Chief Minister of Tamil Nadu after the state was renamed from Madras State was:","C. Rajagopalachari","K. Kamaraj","C.N. Annadurai","M. Karunanidhi","C","Incorrect. The correct answer is C: C.N. Annadurai. C.N. Annadurai was Chief Minister when Madras State was renamed Tamil Nadu in 1969.","Incorrect. The correct answer is C: C.N. Annadurai. C.N. Annadurai was Chief Minister when Madras State was renamed Tamil Nadu in 1969.","Correct. C.N. Annadurai was Chief Minister when Madras State was renamed Tamil Nadu in 1969.","Incorrect. The correct answer is C: C.N. Annadurai. C.N. Annadurai was Chief Minister when Madras State was renamed Tamil Nadu in 1969."
"FALLBACK-012","TRUE","TNPSC Group IV","TNPSC Group IV Mixed","Tamil Nadu","","Which classical dance form is strongly associated with Tamil Nadu?","Kathak","Bharatanatyam","Manipuri","Sattriya","B","Incorrect. The correct answer is B: Bharatanatyam. Bharatanatyam developed and flourished in Tamil Nadu and is one of India's major classical dance traditions.","Correct. Bharatanatyam developed and flourished in Tamil Nadu and is one of India's major classical dance traditions.","Incorrect. The correct answer is B: Bharatanatyam. Bharatanatyam developed and flourished in Tamil Nadu and is one of India's major classical dance traditions.","Incorrect. The correct answer is B: Bharatanatyam. Bharatanatyam developed and flourished in Tamil Nadu and is one of India's major classical dance traditions."
"FALLBACK-013","TRUE","TNPSC Group IV","TNPSC Group IV Mixed","Aptitude","","If 25% of a number is 60, what is the number?","180","200","220","240","D","Incorrect. The correct answer is D: 240. 25% of x = 60, so x = 60 × 100 ÷ 25 = 240.","Incorrect. The correct answer is D: 240. 25% of x = 60, so x = 60 × 100 ÷ 25 = 240.","Incorrect. The correct answer is D: 240. 25% of x = 60, so x = 60 × 100 ÷ 25 = 240.","Correct. 25% of x = 60, so x = 60 × 100 ÷ 25 = 240."
"FALLBACK-014","TRUE","TNPSC Group IV","TNPSC Group IV Mixed","Aptitude","","A shop gives a 10% discount on an item marked ₹800. What is the selling price?","₹700","₹720","₹740","₹760","B","Incorrect. The correct answer is B: ₹720. 10% of ₹800 is ₹80. Selling price = ₹800 − ₹80 = ₹720.","Correct. 10% of ₹800 is ₹80. Selling price = ₹800 − ₹80 = ₹720.","Incorrect. The correct answer is B: ₹720. 10% of ₹800 is ₹80. Selling price = ₹800 − ₹80 = ₹720.","Incorrect. The correct answer is B: ₹720. 10% of ₹800 is ₹80. Selling price = ₹800 − ₹80 = ₹720."
"FALLBACK-015","TRUE","TNPSC Group IV","TNPSC Group IV Mixed","Aptitude","","The HCF of 24 and 36 is:","6","8","12","18","C","Incorrect. The correct answer is C: 12. The greatest common factor of 24 and 36 is 12.","Incorrect. The correct answer is C: 12. The greatest common factor of 24 and 36 is 12.","Correct. The greatest common factor of 24 and 36 is 12.","Incorrect. The correct answer is C: 12. The greatest common factor of 24 and 36 is 12."
"FALLBACK-016","TRUE","TNPSC Group IV","TNPSC Group IV Mixed","Aptitude","","A person completes a job in 10 days. What fraction of the work is completed in one day?","1/5","1/8","1/10","1/12","C","Incorrect. The correct answer is C: 1/10. If the whole job takes 10 days at a constant rate, one day's work is 1/10.","Incorrect. The correct answer is C: 1/10. If the whole job takes 10 days at a constant rate, one day's work is 1/10.","Correct. If the whole job takes 10 days at a constant rate, one day's work is 1/10.","Incorrect. The correct answer is C: 1/10. If the whole job takes 10 days at a constant rate, one day's work is 1/10."
"FALLBACK-017","TRUE","TNPSC Group IV","TNPSC Group IV Mixed","Aptitude","","Simple interest on ₹5,000 at 8% per annum for 2 years is:","₹600","₹700","₹800","₹900","C","Incorrect. The correct answer is C: ₹800. SI = P × R × T ÷ 100 = 5000 × 8 × 2 ÷ 100 = ₹800.","Incorrect. The correct answer is C: ₹800. SI = P × R × T ÷ 100 = 5000 × 8 × 2 ÷ 100 = ₹800.","Correct. SI = P × R × T ÷ 100 = 5000 × 8 × 2 ÷ 100 = ₹800.","Incorrect. The correct answer is C: ₹800. SI = P × R × T ÷ 100 = 5000 × 8 × 2 ÷ 100 = ₹800."
"FALLBACK-018","TRUE","TNPSC Group IV","TNPSC Group IV Mixed","Indian Polity","","Who appoints the Governor of a State?","Chief Minister","Prime Minister","President of India","Chief Justice of India","C","Incorrect. The correct answer is C: President of India. The Governor of a State is appointed by the President of India.","Incorrect. The correct answer is C: President of India. The Governor of a State is appointed by the President of India.","Correct. The Governor of a State is appointed by the President of India.","Incorrect. The correct answer is C: President of India. The Governor of a State is appointed by the President of India."
"FALLBACK-019","TRUE","TNPSC Group IV","TNPSC Group IV Mixed","History","","The Quit India Movement was launched in:","1930","1935","1942","1946","C","Incorrect. The correct answer is C: 1942. The Quit India Movement was launched by the Indian National Congress in August 1942.","Incorrect. The correct answer is C: 1942. The Quit India Movement was launched by the Indian National Congress in August 1942.","Correct. The Quit India Movement was launched by the Indian National Congress in August 1942.","Incorrect. The correct answer is C: 1942. The Quit India Movement was launched by the Indian National Congress in August 1942."
"FALLBACK-020","TRUE","TNPSC Group IV","TNPSC Group IV Mixed","Geography","","Which soil is most suitable for cotton cultivation?","Alluvial soil","Black soil","Laterite soil","Desert soil","B","Incorrect. The correct answer is B: Black soil. Black soil, also called regur soil, has strong moisture-retaining capacity and is well suited for cotton.","Correct. Black soil, also called regur soil, has strong moisture-retaining capacity and is well suited for cotton.","Incorrect. The correct answer is B: Black soil. Black soil, also called regur soil, has strong moisture-retaining capacity and is well suited for cotton.","Incorrect. The correct answer is B: Black soil. Black soil, also called regur soil, has strong moisture-retaining capacity and is well suited for cotton."
"TNUSRB-001","TRUE","TNUSRB","TNUSRB Mixed","Mixed Practice","","Which Article of the Constitution protects life and personal liberty?","Article 14","Article 19","Article 21","Article 32","C","Incorrect. Article 14 concerns equality before law and equal protection of the laws.","Incorrect. Article 19 protects specified freedoms such as speech and movement.","Correct. Article 21 protects life and personal liberty except according to procedure established by law.","Incorrect. Article 32 provides the right to move the Supreme Court for enforcement of Fundamental Rights."
"TNUSRB-002","TRUE","TNUSRB","TNUSRB Mixed","Mixed Practice","","The Constitution of India was adopted by the Constituent Assembly on:","15 August 1947","26 November 1949","26 January 1950","2 October 1950","B","Incorrect. 15 August 1947 is India’s Independence Day.","Correct. The Constituent Assembly adopted the Constitution on 26 November 1949.","Incorrect. The Constitution came into force on 26 January 1950.","Incorrect. 2 October is associated with Gandhi Jayanti, not adoption of the Constitution."
"TNUSRB-003","TRUE","TNUSRB","TNUSRB Mixed","Mixed Practice","","The SI unit of force is:","Joule","Newton","Pascal","Watt","B","Incorrect. Joule is the SI unit of energy.","Correct. Newton is the SI unit of force.","Incorrect. Pascal is the SI unit of pressure.","Incorrect. Watt is the SI unit of power."
"TNUSRB-004","TRUE","TNUSRB","TNUSRB Mixed","Mixed Practice","","Which component of blood mainly carries oxygen?","Platelets","Plasma","Haemoglobin in red blood cells","White blood cells","C","Incorrect. Platelets mainly help blood clotting.","Incorrect. Plasma is the liquid component that carries cells and dissolved substances.","Correct. Haemoglobin in red blood cells binds and transports most oxygen in the blood.","Incorrect. White blood cells primarily support immune defence."
"TNUSRB-005","TRUE","TNUSRB","TNUSRB Mixed","Mixed Practice","","A vehicle covers 180 km in 3 hours. Its average speed is:","50 km/h","60 km/h","70 km/h","90 km/h","B","Incorrect. 180 divided by 3 is not 50.","Correct. Average speed = distance ÷ time = 180 ÷ 3 = 60 km/h.","Incorrect. 70 km/h would cover 210 km in 3 hours.","Incorrect. 90 km/h would cover 270 km in 3 hours."
"TNUSRB-006","TRUE","TNUSRB","TNUSRB Mixed","Mixed Practice","","What is 15% of 240?","24","30","36","42","C","Incorrect. 10% of 240 is 24, not 15%.","Incorrect. 30 is 12.5% of 240.","Correct. 15% of 240 = 0.15 × 240 = 36.","Incorrect. 42 is 17.5% of 240."
"TNUSRB-007","TRUE","TNUSRB","TNUSRB Mixed","Mixed Practice","","Find the next number: 2, 4, 8, 16, __","18","24","30","32","D","Incorrect. The pattern doubles each term.","Incorrect. 24 does not continue the doubling pattern.","Incorrect. 30 does not continue the doubling pattern.","Correct. Each term is doubled, so 16 × 2 = 32."
"TNUSRB-008","TRUE","TNUSRB","TNUSRB Mixed","Mixed Practice","","The 73rd Constitutional Amendment is mainly associated with:","Municipal corporations","Panchayati Raj institutions","Fundamental Duties","Anti-defection law","B","Incorrect. Urban local bodies are chiefly associated with the 74th Amendment.","Correct. The 73rd Amendment gave constitutional status to Panchayati Raj institutions.","Incorrect. Fundamental Duties were introduced by the 42nd Amendment.","Incorrect. The anti-defection law was introduced by the 52nd Amendment."
"TNUSRB-009","TRUE","TNUSRB","TNUSRB Mixed","Mixed Practice","","The Fundamental Duties are listed in:","Part III","Part IV","Part IVA","Part V","C","Incorrect. Part III contains Fundamental Rights.","Incorrect. Part IV contains Directive Principles of State Policy.","Correct. Fundamental Duties are listed in Part IVA of the Constitution.","Incorrect. Part V deals mainly with the Union executive and Parliament."
"TNUSRB-010","TRUE","TNUSRB","TNUSRB Mixed","Mixed Practice","","If all roses are flowers and some flowers fade quickly, which statement must be true?","All roses fade quickly","Some roses fade quickly","Roses are flowers","No flower is a rose","C","Incorrect. The premises do not say that all roses fade quickly.","Incorrect. The premises do not guarantee that the flowers fading quickly are roses.","Correct. This follows directly from the statement that all roses are flowers.","Incorrect. This contradicts the statement that roses are flowers."
"UPSC-001","TRUE","UPSC","UPSC Mixed","Mixed Practice","","Which Article is commonly associated with the Right to Constitutional Remedies?","Article 14","Article 19","Article 21","Article 32","D","Incorrect. Article 14 concerns equality before law.","Incorrect. Article 19 protects specified freedoms.","Incorrect. Article 21 protects life and personal liberty.","Correct. Article 32 empowers individuals to approach the Supreme Court for enforcement of Fundamental Rights."
"UPSC-002","TRUE","UPSC","UPSC Mixed","Mixed Practice","","A Money Bill can be introduced only in:","Rajya Sabha","Lok Sabha","Either House of Parliament","A joint sitting only","B","Incorrect. A Money Bill cannot be introduced in the Rajya Sabha.","Correct. A Money Bill can be introduced only in the Lok Sabha.","Incorrect. It cannot originate in either House.","Incorrect. Joint sitting is not the method for introducing a Money Bill."
"UPSC-003","TRUE","UPSC","UPSC Mixed","Mixed Practice","","The Finance Commission is provided for under which Article of the Constitution?","Article 148","Article 263","Article 280","Article 324","C","Incorrect. Article 148 relates to the Comptroller and Auditor General.","Incorrect. Article 263 concerns the Inter-State Council.","Correct. Article 280 provides for the Finance Commission.","Incorrect. Article 324 deals with the Election Commission."
"UPSC-004","TRUE","UPSC","UPSC Mixed","Mixed Practice","","The Comptroller and Auditor General of India is provided for under:","Article 148","Article 280","Article 315","Article 356","A","Correct. Article 148 establishes the office of the Comptroller and Auditor General of India.","Incorrect. Article 280 concerns the Finance Commission.","Incorrect. Article 315 concerns Public Service Commissions.","Incorrect. Article 356 concerns failure of constitutional machinery in a state."
"UPSC-005","TRUE","UPSC","UPSC Mixed","Mixed Practice","","The ozone layer that absorbs much of the Sun's harmful ultraviolet radiation is concentrated mainly in the:","Troposphere","Stratosphere","Mesosphere","Thermosphere","B","Incorrect. The troposphere is the lowest atmospheric layer where most weather occurs.","Correct. Most atmospheric ozone is concentrated in the stratosphere.","Incorrect. The mesosphere lies above the stratosphere.","Incorrect. The thermosphere is much higher and is not where the ozone layer is concentrated."
"UPSC-006","TRUE","UPSC","UPSC Mixed","Mixed Practice","","Which institution formulates monetary policy in India?","Finance Commission","Reserve Bank of India","NITI Aayog","SEBI","B","Incorrect. The Finance Commission recommends fiscal transfers between the Union and states.","Correct. The Reserve Bank of India is responsible for monetary policy.","Incorrect. NITI Aayog is a policy think tank and cooperative-federalism institution.","Incorrect. SEBI regulates the securities market."
"UPSC-007","TRUE","UPSC","UPSC Mixed","Mixed Practice","","The 73rd Constitutional Amendment relates primarily to:","Urban municipalities","Panchayati Raj","Cooperative societies","Anti-defection","B","Incorrect. Urban municipalities are primarily covered by the 74th Amendment.","Correct. The 73rd Amendment constitutionalised Panchayati Raj institutions.","Incorrect. Cooperative societies received specific constitutional treatment later through the 97th Amendment.","Incorrect. Anti-defection provisions came through the 52nd Amendment."
"UPSC-008","TRUE","UPSC","UPSC Mixed","Mixed Practice","","Which mountain system is geologically older?","Himalayas","Western Ghats","Both are the same age","Neither has a geological history","B","Incorrect. The Himalayas are geologically young fold mountains.","Correct. The Western Ghats are much older than the Himalayas.","Incorrect. The two systems formed in very different geological periods.","Incorrect. Both have well-studied geological histories."
"UPSC-009","TRUE","UPSC","UPSC Mixed","Mixed Practice","","Fundamental Rights in India are primarily:","Non-justiciable guidelines","Enforceable by courts","Only moral duties","Applicable only during elections","B","Incorrect. Directive Principles are generally described as non-justiciable guidelines.","Correct. Fundamental Rights are enforceable through constitutional remedies in courts.","Incorrect. Fundamental Duties are duties of citizens, not Fundamental Rights.","Incorrect. Fundamental Rights are not confined to election periods."
"UPSC-010","TRUE","UPSC","UPSC Mixed","Mixed Practice","","Which branch of the southwest monsoon first strikes the Western Ghats from the Arabian Sea?","Bay of Bengal branch","Arabian Sea branch","Northeast monsoon branch","Western disturbance branch","B","Incorrect. The Bay of Bengal branch moves toward eastern and northeastern India before advancing inland.","Correct. The Arabian Sea branch reaches India’s west coast and is forced upward by the Western Ghats.","Incorrect. The northeast monsoon is associated mainly with the retreating monsoon season.","Incorrect. Western disturbances are extra-tropical systems, not a branch of the southwest monsoon."
"SSC-001","TRUE","SSC","SSC Mixed","Mixed Practice","","What is the square root of 144?","10","11","12","14","C","Incorrect. 10 squared is 100.","Incorrect. 11 squared is 121.","Correct. 12 × 12 = 144.","Incorrect. 14 squared is 196."
"SSC-002","TRUE","SSC","SSC Mixed","Mixed Practice","","What is 20% of 450?","80","90","100","110","B","Incorrect. 80 is less than 20% of 450.","Correct. 20% of 450 = 0.20 × 450 = 90.","Incorrect. 100 is about 22.2% of 450.","Incorrect. 110 is about 24.4% of 450."
"SSC-003","TRUE","SSC","SSC Mixed","Mixed Practice","","A train travels at 60 km/h for 2.5 hours. How far does it travel?","120 km","130 km","150 km","180 km","C","Incorrect. 60 × 2.5 is not 120.","Incorrect. 130 km would require a different time or speed.","Correct. Distance = speed × time = 60 × 2.5 = 150 km.","Incorrect. 180 km would take 3 hours at 60 km/h."
"SSC-004","TRUE","SSC","SSC Mixed","Mixed Practice","","The largest planet in the Solar System is:","Earth","Mars","Jupiter","Saturn","C","Incorrect. Earth is much smaller than Jupiter.","Incorrect. Mars is smaller than Earth.","Correct. Jupiter is the largest planet in the Solar System.","Incorrect. Saturn is the second-largest planet."
"SSC-005","TRUE","SSC","SSC Mixed","Mixed Practice","","Photosynthesis in green plants mainly occurs because of the pigment:","Haemoglobin","Melanin","Chlorophyll","Keratin","C","Incorrect. Haemoglobin is an oxygen-carrying pigment in blood.","Incorrect. Melanin is a pigment found in skin, hair and eyes.","Correct. Chlorophyll absorbs light energy used in photosynthesis.","Incorrect. Keratin is a structural protein."
"SSC-006","TRUE","SSC","SSC Mixed","Mixed Practice","","Under Article 79, the Parliament of India consists of:","Only Lok Sabha and Rajya Sabha","The President and two Houses","Prime Minister and Lok Sabha","President and Lok Sabha only","B","Incorrect. The constitutional definition also includes the President.","Correct. Parliament consists of the President and the two Houses, Rajya Sabha and Lok Sabha.","Incorrect. The Prime Minister is not separately listed as a constituent of Parliament under Article 79.","Incorrect. Rajya Sabha is also a House of Parliament."
"SSC-007","TRUE","SSC","SSC Mixed","Mixed Practice","","The Revolt of 1857 began at:","Meerut","Delhi","Kanpur","Lucknow","A","Correct. The uprising began at Meerut in May 1857 before rebels moved toward Delhi.","Incorrect. Delhi became a major centre after the outbreak at Meerut.","Incorrect. Kanpur was an important centre but not the initial outbreak point.","Incorrect. Lucknow was an important centre but not the initial outbreak point."
"SSC-008","TRUE","SSC","SSC Mixed","Mixed Practice","","One byte is equal to:","4 bits","8 bits","16 bits","32 bits","B","Incorrect. A nibble is commonly 4 bits.","Correct. One byte is conventionally 8 bits.","Incorrect. 16 bits equal two bytes.","Incorrect. 32 bits equal four bytes."
"SSC-009","TRUE","SSC","SSC Mixed","Mixed Practice","","Choose the closest synonym of 'abundant':","Scarce","Plentiful","Tiny","Uncertain","B","Incorrect. Scarce is close to the opposite of abundant.","Correct. Plentiful means existing in large quantities and is a synonym of abundant.","Incorrect. Tiny refers to size, not quantity.","Incorrect. Uncertain refers to lack of certainty."
"SSC-010","TRUE","SSC","SSC Mixed","Mixed Practice","","If the ratio of boys to girls is 3:2 and there are 30 boys, how many girls are there?","15","20","25","45","B","Incorrect. A 3:2 ratio with 30 boys does not give 15 girls.","Correct. If 3 parts = 30, one part = 10 and 2 parts = 20 girls.","Incorrect. 25 would not preserve the 3:2 ratio.","Incorrect. 45 would reverse the relative sizes."
"BANK-001","TRUE","Banking","Banking Mixed","Mixed Practice","","Which institution is India's central bank?","SEBI","Reserve Bank of India","NABARD","SIDBI","B","Incorrect. SEBI regulates the securities market.","Correct. The Reserve Bank of India is India’s central bank.","Incorrect. NABARD is a development financial institution focused on agriculture and rural development.","Incorrect. SIDBI focuses on development and financing of small industries and MSMEs."
"BANK-002","TRUE","Banking","Banking Mixed","Mixed Practice","","CRR stands for:","Cash Reserve Ratio","Credit Recovery Rate","Capital Return Ratio","Current Reserve Return","A","Correct. CRR stands for Cash Reserve Ratio.","Incorrect. Credit Recovery Rate is not what CRR means in banking regulation.","Incorrect. Capital Return Ratio is not the expansion of CRR.","Incorrect. Current Reserve Return is not the expansion of CRR."
"BANK-003","TRUE","Banking","Banking Mixed","Mixed Practice","","NEFT is primarily used for:","Electronic transfer of funds between bank accounts","Printing currency notes","Issuing passports","Trading commodities only","A","Correct. NEFT is an electronic funds-transfer system for moving money between participating bank accounts.","Incorrect. Currency notes are not printed through NEFT.","Incorrect. Passport issuance is unrelated to NEFT.","Incorrect. NEFT is not a commodity-trading system."
"BANK-004","TRUE","Banking","Banking Mixed","Mixed Practice","","KYC in banking means:","Keep Your Cash","Know Your Customer","Know Your Credit","Key Yield Calculation","B","Incorrect. KYC does not mean Keep Your Cash.","Correct. KYC stands for Know Your Customer and refers to customer identification and verification requirements.","Incorrect. Know Your Credit is not the expansion of KYC.","Incorrect. Key Yield Calculation is unrelated to KYC."
"BANK-005","TRUE","Banking","Banking Mixed","Mixed Practice","","The repo rate is the rate at which:","Customers lend to banks","RBI lends short-term funds to banks against eligible securities","Banks lend only to exporters","SEBI lends to stock exchanges","B","Incorrect. Repo rate does not describe customers lending to banks.","Correct. Repo rate is associated with short-term borrowing by banks from RBI against eligible securities under a repurchase arrangement.","Incorrect. It is not a rate limited to export lending.","Incorrect. SEBI does not set a repo lending rate to stock exchanges."
"BANK-006","TRUE","Banking","Banking Mixed","Mixed Practice","","IFSC is used mainly to identify:","A bank branch in electronic payment systems","A customer's PAN","A currency note series","An insurance policy number","A","Correct. IFSC identifies a specific bank branch for electronic payment systems such as NEFT and RTGS.","Incorrect. PAN is a separate tax identification number.","Incorrect. IFSC does not identify currency note series.","Incorrect. IFSC is not an insurance policy number."
"BANK-007","TRUE","Banking","Banking Mixed","Mixed Practice","","RTGS stands for:","Real Time Gross Settlement","Reserve Transfer General System","Real Trade Guarantee Service","Regional Transaction Grid Service","A","Correct. RTGS stands for Real Time Gross Settlement.","Incorrect. Reserve Transfer General System is not the expansion of RTGS.","Incorrect. Real Trade Guarantee Service is not the expansion of RTGS.","Incorrect. Regional Transaction Grid Service is not the expansion of RTGS."
"BANK-008","TRUE","Banking","Banking Mixed","Mixed Practice","","UPI in India is operated as a payment system by:","NPCI","SEBI","IRDAI","CAG","A","Correct. The Unified Payments Interface is operated by the National Payments Corporation of India.","Incorrect. SEBI regulates the securities market.","Incorrect. IRDAI regulates insurance.","Incorrect. CAG audits public accounts and is not a payment-system operator."
"BANK-009","TRUE","Banking","Banking Mixed","Mixed Practice","","A debit card purchase usually draws funds from:","The cardholder's linked bank account","A new government loan","The merchant's savings account","The stock exchange","A","Correct. Debit card transactions generally draw funds from the cardholder’s linked bank account.","Incorrect. A debit card purchase does not create a government loan.","Incorrect. Funds are not drawn from the merchant’s savings account.","Incorrect. The stock exchange is unrelated to routine debit card settlement."
"BANK-010","TRUE","Banking","Banking Mixed","Mixed Practice","","Which instrument is a written order directing a bank to pay a specified sum from an account?","Cheque","Debenture","Equity share","Insurance premium","A","Correct. A cheque is a written order by an account holder directing the bank to pay a specified amount.","Incorrect. A debenture is a debt instrument issued by an entity.","Incorrect. An equity share represents ownership in a company.","Incorrect. An insurance premium is a payment for insurance coverage."
"RRB-001","TRUE","Railways","Railways Mixed","Mixed Practice","","India's first passenger train ran in 1853 between Bombay and:","Pune","Thane","Surat","Nashik","B","Incorrect. The first passenger service did not terminate at Pune.","Correct. India’s first passenger train ran between Bombay and Thane in 1853.","Incorrect. Surat was not the destination of the first passenger service.","Incorrect. Nashik was not the destination of the first passenger service."
"RRB-002","TRUE","Railways","Railways Mixed","Mixed Practice","","Indian broad gauge has a track width of approximately:","1000 mm","1435 mm","1676 mm","2000 mm","C","Incorrect. 1000 mm corresponds to metre gauge.","Incorrect. 1435 mm is standard gauge used widely in many countries.","Correct. Indian broad gauge is 1676 mm wide.","Incorrect. 2000 mm is not Indian broad gauge."
"RRB-003","TRUE","Railways","Railways Mixed","Mixed Practice","","The Integral Coach Factory is located in:","Chennai","Mumbai","Kolkata","Jaipur","A","Correct. Integral Coach Factory is located at Perambur in Chennai.","Incorrect. Mumbai is not the location of Integral Coach Factory.","Incorrect. Kolkata is not the location of Integral Coach Factory.","Incorrect. Jaipur is not the location of Integral Coach Factory."
"RRB-004","TRUE","Railways","Railways Mixed","Mixed Practice","","A train moving at 72 km/h covers how many kilometres in 30 minutes?","24 km","30 km","36 km","42 km","C","Incorrect. 24 km would correspond to 48 km/h for 30 minutes.","Incorrect. 30 km would correspond to 60 km/h for 30 minutes.","Correct. 30 minutes is 0.5 hour, so distance = 72 × 0.5 = 36 km.","Incorrect. 42 km would require a speed of 84 km/h for 30 minutes."
"RRB-005","TRUE","Railways","Railways Mixed","Mixed Practice","","What is the average of 12, 18, 24 and 30?","18","20","21","24","C","Incorrect. The sum is 84, not 72.","Incorrect. 84 divided by 4 is not 20.","Correct. (12 + 18 + 24 + 30) ÷ 4 = 84 ÷ 4 = 21.","Incorrect. 24 is one of the numbers, not the average."
"RRB-006","TRUE","Railways","Railways Mixed","Mixed Practice","","The SI unit of electric current is:","Volt","Ampere","Ohm","Watt","B","Incorrect. Volt is the unit of electric potential difference.","Correct. Ampere is the SI base unit of electric current.","Incorrect. Ohm is the unit of electrical resistance.","Incorrect. Watt is the unit of power."
"RRB-007","TRUE","Railways","Railways Mixed","Mixed Practice","","If 5 workers complete a task in 12 days at the same rate, how many worker-days are required?","17","50","60","72","C","Incorrect. Worker-days are found by multiplying workers by days.","Incorrect. 5 × 12 is not 50.","Correct. Total work = 5 × 12 = 60 worker-days.","Incorrect. 72 worker-days would represent more work."
"RRB-008","TRUE","Railways","Railways Mixed","Mixed Practice","","Which gas is most abundant in Earth's atmosphere?","Oxygen","Carbon dioxide","Nitrogen","Hydrogen","C","Incorrect. Oxygen makes up about one-fifth of the atmosphere.","Incorrect. Carbon dioxide is present in a much smaller proportion.","Correct. Nitrogen is the most abundant gas in Earth’s atmosphere.","Incorrect. Hydrogen is not the dominant atmospheric gas."
"RRB-009","TRUE","Railways","Railways Mixed","Mixed Practice","","If a number is increased from 80 to 100, the percentage increase is:","20%","25%","30%","40%","B","Incorrect. A rise of 20 on a base of 80 is not 20%.","Correct. Percentage increase = 20 ÷ 80 × 100 = 25%.","Incorrect. 30% of 80 is 24.","Incorrect. 40% of 80 is 32."
"RRB-010","TRUE","Railways","Railways Mixed","Mixed Practice","","The National Rail Museum is located in:","New Delhi","Chennai","Kolkata","Bengaluru","A","Correct. The National Rail Museum is located in New Delhi.","Incorrect. Chennai is not the location of the National Rail Museum.","Incorrect. Kolkata is not the location of the National Rail Museum.","Incorrect. Bengaluru is not the location of the National Rail Museum."
"TNUSRB-GK-001","TRUE","TNUSRB","TNUSRB General Knowledge","General Knowledge","","Which Article of the Constitution guarantees equality before law?","Article 14","Article 19","Article 21","Article 32","A","Correct. Article 14 guarantees equality before law and equal protection of the laws.","Incorrect. The correct answer is A: Article 14. Article 14 guarantees equality before law and equal protection of the laws.","Incorrect. The correct answer is A: Article 14. Article 14 guarantees equality before law and equal protection of the laws.","Incorrect. The correct answer is A: Article 14. Article 14 guarantees equality before law and equal protection of the laws."
"TNUSRB-GK-002","TRUE","TNUSRB","TNUSRB General Knowledge","General Knowledge","","The Directive Principles of State Policy are contained in which Part of the Constitution?","Part III","Part IV","Part IVA","Part V","B","Incorrect. The correct answer is B: Part IV. Directive Principles are contained in Part IV of the Constitution.","Correct. Directive Principles are contained in Part IV of the Constitution.","Incorrect. The correct answer is B: Part IV. Directive Principles are contained in Part IV of the Constitution.","Incorrect. The correct answer is B: Part IV. Directive Principles are contained in Part IV of the Constitution."
"TNUSRB-GK-003","TRUE","TNUSRB","TNUSRB General Knowledge","General Knowledge","","Who appoints the Governor of a State?","Chief Minister","Prime Minister","President of India","Chief Justice of India","C","Incorrect. The correct answer is C: President of India. A State Governor is appointed by the President of India.","Incorrect. The correct answer is C: President of India. A State Governor is appointed by the President of India.","Correct. A State Governor is appointed by the President of India.","Incorrect. The correct answer is C: President of India. A State Governor is appointed by the President of India."
"SSC-GA-001","TRUE","SSC","SSC General Awareness","General Awareness","","Under Article 79, Parliament consists of:","Lok Sabha only","Rajya Sabha only","President and two Houses","Prime Minister and two Houses","C","Incorrect. The correct answer is C: President and two Houses. Article 79 provides that Parliament consists of the President and the two Houses.","Incorrect. The correct answer is C: President and two Houses. Article 79 provides that Parliament consists of the President and the two Houses.","Correct. Article 79 provides that Parliament consists of the President and the two Houses.","Incorrect. The correct answer is C: President and two Houses. Article 79 provides that Parliament consists of the President and the two Houses."
"SSC-GA-002","TRUE","SSC","SSC General Awareness","General Awareness","","The Fundamental Duties were added to the Constitution by the:","42nd Amendment","44th Amendment","52nd Amendment","73rd Amendment","A","Correct. Fundamental Duties were added by the 42nd Constitutional Amendment.","Incorrect. The correct answer is A: 42nd Amendment. Fundamental Duties were added by the 42nd Constitutional Amendment.","Incorrect. The correct answer is A: 42nd Amendment. Fundamental Duties were added by the 42nd Constitutional Amendment.","Incorrect. The correct answer is A: 42nd Amendment. Fundamental Duties were added by the 42nd Constitutional Amendment."
"SSC-GA-003","TRUE","SSC","SSC General Awareness","General Awareness","","The office of the Comptroller and Auditor General of India is provided under:","Article 148","Article 280","Article 315","Article 324","A","Correct. Article 148 provides for the Comptroller and Auditor General of India.","Incorrect. The correct answer is A: Article 148. Article 148 provides for the Comptroller and Auditor General of India.","Incorrect. The correct answer is A: Article 148. Article 148 provides for the Comptroller and Auditor General of India.","Incorrect. The correct answer is A: Article 148. Article 148 provides for the Comptroller and Auditor General of India."
"TNUSRB-GK-004","TRUE","TNUSRB","TNUSRB General Knowledge","General Knowledge","","The Vellore Mutiny occurred in which year?","1799","1801","1806","1857","C","Incorrect. The correct answer is C: 1806. The Vellore Mutiny took place in 1806.","Incorrect. The correct answer is C: 1806. The Vellore Mutiny took place in 1806.","Correct. The Vellore Mutiny took place in 1806.","Incorrect. The correct answer is C: 1806. The Vellore Mutiny took place in 1806."
"TNUSRB-GK-005","TRUE","TNUSRB","TNUSRB General Knowledge","General Knowledge","","The Quit India Movement was launched in:","1930","1935","1942","1946","C","Incorrect. The correct answer is C: 1942. The Quit India Movement was launched in August 1942.","Incorrect. The correct answer is C: 1942. The Quit India Movement was launched in August 1942.","Correct. The Quit India Movement was launched in August 1942.","Incorrect. The correct answer is C: 1942. The Quit India Movement was launched in August 1942."
"TNUSRB-GK-006","TRUE","TNUSRB","TNUSRB General Knowledge","General Knowledge","","Who founded the Mauryan Empire?","Ashoka","Chandragupta Maurya","Bindusara","Harsha","B","Incorrect. The correct answer is B: Chandragupta Maurya. Chandragupta Maurya founded the Mauryan Empire.","Correct. Chandragupta Maurya founded the Mauryan Empire.","Incorrect. The correct answer is B: Chandragupta Maurya. Chandragupta Maurya founded the Mauryan Empire.","Incorrect. The correct answer is B: Chandragupta Maurya. Chandragupta Maurya founded the Mauryan Empire."
"SSC-GA-004","TRUE","SSC","SSC General Awareness","General Awareness","","The Revolt of 1857 began at:","Meerut","Delhi","Kanpur","Lucknow","A","Correct. The uprising began at Meerut in May 1857.","Incorrect. The correct answer is A: Meerut. The uprising began at Meerut in May 1857.","Incorrect. The correct answer is A: Meerut. The uprising began at Meerut in May 1857.","Incorrect. The correct answer is A: Meerut. The uprising began at Meerut in May 1857."
"SSC-GA-005","TRUE","SSC","SSC General Awareness","General Awareness","","The Indian National Congress was founded in:","1885","1905","1919","1920","A","Correct. The Indian National Congress was founded in 1885.","Incorrect. The correct answer is A: 1885. The Indian National Congress was founded in 1885.","Incorrect. The correct answer is A: 1885. The Indian National Congress was founded in 1885.","Incorrect. The correct answer is A: 1885. The Indian National Congress was founded in 1885."
"SSC-GA-006","TRUE","SSC","SSC General Awareness","General Awareness","","Who wrote 'Vande Mataram'?","Rabindranath Tagore","Bankim Chandra Chattopadhyay","Sarojini Naidu","Subramania Bharati","B","Incorrect. The correct answer is B: Bankim Chandra Chattopadhyay. Bankim Chandra Chattopadhyay wrote Vande Mataram.","Correct. Bankim Chandra Chattopadhyay wrote Vande Mataram.","Incorrect. The correct answer is B: Bankim Chandra Chattopadhyay. Bankim Chandra Chattopadhyay wrote Vande Mataram.","Incorrect. The correct answer is B: Bankim Chandra Chattopadhyay. Bankim Chandra Chattopadhyay wrote Vande Mataram."
"TNUSRB-GK-007","TRUE","TNUSRB","TNUSRB General Knowledge","General Knowledge","","Which river is often called the Dakshin Ganga?","Krishna","Godavari","Kaveri","Narmada","B","Incorrect. The correct answer is B: Godavari. The Godavari is widely known as the Dakshin Ganga.","Correct. The Godavari is widely known as the Dakshin Ganga.","Incorrect. The correct answer is B: Godavari. The Godavari is widely known as the Dakshin Ganga.","Incorrect. The correct answer is B: Godavari. The Godavari is widely known as the Dakshin Ganga."
"TNUSRB-GK-008","TRUE","TNUSRB","TNUSRB General Knowledge","General Knowledge","","The Tropic of Cancer passes through how many Indian states?","6","7","8","9","C","Incorrect. The correct answer is C: 8. The Tropic of Cancer passes through eight Indian states.","Incorrect. The correct answer is C: 8. The Tropic of Cancer passes through eight Indian states.","Correct. The Tropic of Cancer passes through eight Indian states.","Incorrect. The correct answer is C: 8. The Tropic of Cancer passes through eight Indian states."
"SSC-GA-007","TRUE","SSC","SSC General Awareness","General Awareness","","Which is the largest plateau in India?","Malwa Plateau","Chota Nagpur Plateau","Deccan Plateau","Meghalaya Plateau","C","Incorrect. The correct answer is C: Deccan Plateau. The Deccan Plateau is the largest plateau region in India.","Incorrect. The correct answer is C: Deccan Plateau. The Deccan Plateau is the largest plateau region in India.","Correct. The Deccan Plateau is the largest plateau region in India.","Incorrect. The correct answer is C: Deccan Plateau. The Deccan Plateau is the largest plateau region in India."
"SSC-GA-008","TRUE","SSC","SSC General Awareness","General Awareness","","Which soil is especially suitable for cotton cultivation?","Alluvial soil","Black soil","Laterite soil","Desert soil","B","Incorrect. The correct answer is B: Black soil. Black soil has good moisture retention and is well suited to cotton.","Correct. Black soil has good moisture retention and is well suited to cotton.","Incorrect. The correct answer is B: Black soil. Black soil has good moisture retention and is well suited to cotton.","Incorrect. The correct answer is B: Black soil. Black soil has good moisture retention and is well suited to cotton."
"TNUSRB-GK-009","TRUE","TNUSRB","TNUSRB General Knowledge","General Knowledge","","The SI unit of electric current is:","Volt","Ohm","Ampere","Watt","C","Incorrect. The correct answer is C: Ampere. The ampere is the SI base unit of electric current.","Incorrect. The correct answer is C: Ampere. The ampere is the SI base unit of electric current.","Correct. The ampere is the SI base unit of electric current.","Incorrect. The correct answer is C: Ampere. The ampere is the SI base unit of electric current."
"TNUSRB-GK-010","TRUE","TNUSRB","TNUSRB General Knowledge","General Knowledge","","Which vitamin is mainly synthesized in human skin on exposure to sunlight?","Vitamin A","Vitamin B12","Vitamin C","Vitamin D","D","Incorrect. The correct answer is D: Vitamin D. Ultraviolet B exposure helps the skin synthesize vitamin D.","Incorrect. The correct answer is D: Vitamin D. Ultraviolet B exposure helps the skin synthesize vitamin D.","Incorrect. The correct answer is D: Vitamin D. Ultraviolet B exposure helps the skin synthesize vitamin D.","Correct. Ultraviolet B exposure helps the skin synthesize vitamin D."
"SSC-GA-009","TRUE","SSC","SSC General Awareness","General Awareness","","Which gas is most abundant in Earth's atmosphere?","Oxygen","Carbon dioxide","Nitrogen","Hydrogen","C","Incorrect. The correct answer is C: Nitrogen. Nitrogen is the most abundant gas in Earth's atmosphere.","Incorrect. The correct answer is C: Nitrogen. Nitrogen is the most abundant gas in Earth's atmosphere.","Correct. Nitrogen is the most abundant gas in Earth's atmosphere.","Incorrect. The correct answer is C: Nitrogen. Nitrogen is the most abundant gas in Earth's atmosphere."
"SSC-GA-010","TRUE","SSC","SSC General Awareness","General Awareness","","The largest planet in the Solar System is:","Earth","Mars","Jupiter","Saturn","C","Incorrect. The correct answer is C: Jupiter. Jupiter is the largest planet in the Solar System.","Incorrect. The correct answer is C: Jupiter. Jupiter is the largest planet in the Solar System.","Correct. Jupiter is the largest planet in the Solar System.","Incorrect. The correct answer is C: Jupiter. Jupiter is the largest planet in the Solar System."
"TNUSRB-PSY-001","TRUE","TNUSRB","TNUSRB Psychology & Aptitude","Psychology & Aptitude","","Find the next number: 3, 6, 12, 24, __","30","36","48","60","C","Incorrect. The correct answer is C: 48. Each term is double the previous term, so 24 × 2 = 48.","Incorrect. The correct answer is C: 48. Each term is double the previous term, so 24 × 2 = 48.","Correct. Each term is double the previous term, so 24 × 2 = 48.","Incorrect. The correct answer is C: 48. Each term is double the previous term, so 24 × 2 = 48."
"TNUSRB-PSY-002","TRUE","TNUSRB","TNUSRB Psychology & Aptitude","Psychology & Aptitude","","If 40% of a number is 80, what is the number?","160","180","200","240","C","Incorrect. The correct answer is C: 200. If 40% of x is 80, then x = 80 × 100 ÷ 40 = 200.","Incorrect. The correct answer is C: 200. If 40% of x is 80, then x = 80 × 100 ÷ 40 = 200.","Correct. If 40% of x is 80, then x = 80 × 100 ÷ 40 = 200.","Incorrect. The correct answer is C: 200. If 40% of x is 80, then x = 80 × 100 ÷ 40 = 200."
"TNUSRB-PSY-003","TRUE","TNUSRB","TNUSRB Psychology & Aptitude","Psychology & Aptitude","","A person faces north, turns right, then turns right again. Which direction is the person facing?","North","East","South","West","C","Incorrect. The correct answer is C: South. Two right turns from north result in facing south.","Incorrect. The correct answer is C: South. Two right turns from north result in facing south.","Correct. Two right turns from north result in facing south.","Incorrect. The correct answer is C: South. Two right turns from north result in facing south."
"TNUSRB-PSY-004","TRUE","TNUSRB","TNUSRB Psychology & Aptitude","Psychology & Aptitude","","The average of 10, 20, 30 and 40 is:","20","25","30","35","B","Incorrect. The correct answer is B: 25. The sum is 100 and 100 ÷ 4 = 25.","Correct. The sum is 100 and 100 ÷ 4 = 25.","Incorrect. The correct answer is B: 25. The sum is 100 and 100 ÷ 4 = 25.","Incorrect. The correct answer is B: 25. The sum is 100 and 100 ÷ 4 = 25."
"TNUSRB-PSY-005","TRUE","TNUSRB","TNUSRB Psychology & Aptitude","Psychology & Aptitude","","If A is taller than B and B is taller than C, which statement must be true?","C is taller than A","A is taller than C","B is taller than A","A and C are equal","B","Incorrect. The correct answer is B: A is taller than C. Height comparison is transitive here: A > B > C, so A > C.","Correct. Height comparison is transitive here: A > B > C, so A > C.","Incorrect. The correct answer is B: A is taller than C. Height comparison is transitive here: A > B > C, so A > C.","Incorrect. The correct answer is B: A is taller than C. Height comparison is transitive here: A > B > C, so A > C."
"TNUSRB-PSY-006","TRUE","TNUSRB","TNUSRB Psychology & Aptitude","Psychology & Aptitude","","What is the HCF of 18 and 24?","3","6","9","12","B","Incorrect. The correct answer is B: 6. The greatest common factor of 18 and 24 is 6.","Correct. The greatest common factor of 18 and 24 is 6.","Incorrect. The correct answer is B: 6. The greatest common factor of 18 and 24 is 6.","Incorrect. The correct answer is B: 6. The greatest common factor of 18 and 24 is 6."
"TNUSRB-PSY-007","TRUE","TNUSRB","TNUSRB Psychology & Aptitude","Psychology & Aptitude","","A shop gives a 20% discount on an item marked ₹500. What is the selling price?","₹350","₹380","₹400","₹450","C","Incorrect. The correct answer is C: ₹400. 20% of ₹500 is ₹100, so the selling price is ₹400.","Incorrect. The correct answer is C: ₹400. 20% of ₹500 is ₹100, so the selling price is ₹400.","Correct. 20% of ₹500 is ₹100, so the selling price is ₹400.","Incorrect. The correct answer is C: ₹400. 20% of ₹500 is ₹100, so the selling price is ₹400."
"TNUSRB-PSY-008","TRUE","TNUSRB","TNUSRB Psychology & Aptitude","Psychology & Aptitude","","Which word does not belong with the others?","Circle","Triangle","Square","Kilogram","D","Incorrect. The correct answer is D: Kilogram. Circle, triangle and square are shapes; kilogram is a unit of mass.","Incorrect. The correct answer is D: Kilogram. Circle, triangle and square are shapes; kilogram is a unit of mass.","Incorrect. The correct answer is D: Kilogram. Circle, triangle and square are shapes; kilogram is a unit of mass.","Correct. Circle, triangle and square are shapes; kilogram is a unit of mass."
"TNUSRB-PSY-009","TRUE","TNUSRB","TNUSRB Psychology & Aptitude","Psychology & Aptitude","","A vehicle covers 150 km in 3 hours. Its average speed is:","40 km/h","50 km/h","60 km/h","75 km/h","B","Incorrect. The correct answer is B: 50 km/h. Average speed = 150 ÷ 3 = 50 km/h.","Correct. Average speed = 150 ÷ 3 = 50 km/h.","Incorrect. The correct answer is B: 50 km/h. Average speed = 150 ÷ 3 = 50 km/h.","Incorrect. The correct answer is B: 50 km/h. Average speed = 150 ÷ 3 = 50 km/h."
"TNUSRB-PSY-010","TRUE","TNUSRB","TNUSRB Psychology & Aptitude","Psychology & Aptitude","","If today is Monday, what day will it be after 10 days?","Wednesday","Thursday","Friday","Saturday","B","Incorrect. The correct answer is B: Thursday. Ten days is one week plus three days; Monday + 3 days is Thursday.","Correct. Ten days is one week plus three days; Monday + 3 days is Thursday.","Incorrect. The correct answer is B: Thursday. Ten days is one week plus three days; Monday + 3 days is Thursday.","Incorrect. The correct answer is B: Thursday. Ten days is one week plus three days; Monday + 3 days is Thursday."
"SSC-QA-001","TRUE","SSC","SSC Quantitative Aptitude","Quantitative Aptitude","","What is 25% of 360?","80","90","100","120","B","Incorrect. The correct answer is B: 90. 25% is one-fourth, and one-fourth of 360 is 90.","Correct. 25% is one-fourth, and one-fourth of 360 is 90.","Incorrect. The correct answer is B: 90. 25% is one-fourth, and one-fourth of 360 is 90.","Incorrect. The correct answer is B: 90. 25% is one-fourth, and one-fourth of 360 is 90."
"SSC-QA-002","TRUE","SSC","SSC Quantitative Aptitude","Quantitative Aptitude","","The simple interest on ₹2,000 at 5% per annum for 3 years is:","₹200","₹250","₹300","₹350","C","Incorrect. The correct answer is C: ₹300. SI = 2000 × 5 × 3 ÷ 100 = ₹300.","Incorrect. The correct answer is C: ₹300. SI = 2000 × 5 × 3 ÷ 100 = ₹300.","Correct. SI = 2000 × 5 × 3 ÷ 100 = ₹300.","Incorrect. The correct answer is C: ₹300. SI = 2000 × 5 × 3 ÷ 100 = ₹300."
"SSC-QA-003","TRUE","SSC","SSC Quantitative Aptitude","Quantitative Aptitude","","If the ratio 3:5 is equivalent to 18:x, what is x?","24","30","36","40","B","Incorrect. The correct answer is B: 30. 3/5 = 18/x, so x = 18 × 5 ÷ 3 = 30.","Correct. 3/5 = 18/x, so x = 18 × 5 ÷ 3 = 30.","Incorrect. The correct answer is B: 30. 3/5 = 18/x, so x = 18 × 5 ÷ 3 = 30.","Incorrect. The correct answer is B: 30. 3/5 = 18/x, so x = 18 × 5 ÷ 3 = 30."
"SSC-QA-004","TRUE","SSC","SSC Quantitative Aptitude","Quantitative Aptitude","","What is the average of 14, 18, 22 and 26?","18","19","20","21","C","Incorrect. The correct answer is C: 20. The sum is 80 and 80 ÷ 4 = 20.","Incorrect. The correct answer is C: 20. The sum is 80 and 80 ÷ 4 = 20.","Correct. The sum is 80 and 80 ÷ 4 = 20.","Incorrect. The correct answer is C: 20. The sum is 80 and 80 ÷ 4 = 20."
"SSC-QA-005","TRUE","SSC","SSC Quantitative Aptitude","Quantitative Aptitude","","A train travels 210 km in 3.5 hours. Its average speed is:","50 km/h","55 km/h","60 km/h","70 km/h","C","Incorrect. The correct answer is C: 60 km/h. Average speed = 210 ÷ 3.5 = 60 km/h.","Incorrect. The correct answer is C: 60 km/h. Average speed = 210 ÷ 3.5 = 60 km/h.","Correct. Average speed = 210 ÷ 3.5 = 60 km/h.","Incorrect. The correct answer is C: 60 km/h. Average speed = 210 ÷ 3.5 = 60 km/h."
"SSC-QA-006","TRUE","SSC","SSC Quantitative Aptitude","Quantitative Aptitude","","The LCM of 8 and 12 is:","16","20","24","48","C","Incorrect. The correct answer is C: 24. The least common multiple of 8 and 12 is 24.","Incorrect. The correct answer is C: 24. The least common multiple of 8 and 12 is 24.","Correct. The least common multiple of 8 and 12 is 24.","Incorrect. The correct answer is C: 24. The least common multiple of 8 and 12 is 24."
"SSC-QA-007","TRUE","SSC","SSC Quantitative Aptitude","Quantitative Aptitude","","A number is increased from 120 to 150. What is the percentage increase?","20%","25%","30%","35%","B","Incorrect. The correct answer is B: 25%. The increase is 30, and 30 ÷ 120 × 100 = 25%.","Correct. The increase is 30, and 30 ÷ 120 × 100 = 25%.","Incorrect. The correct answer is B: 25%. The increase is 30, and 30 ÷ 120 × 100 = 25%.","Incorrect. The correct answer is B: 25%. The increase is 30, and 30 ÷ 120 × 100 = 25%."
"SSC-QA-008","TRUE","SSC","SSC Quantitative Aptitude","Quantitative Aptitude","","If 5 pens cost ₹75, what is the cost of 8 pens at the same rate?","₹100","₹110","₹120","₹125","C","Incorrect. The correct answer is C: ₹120. One pen costs ₹15, so eight pens cost ₹120.","Incorrect. The correct answer is C: ₹120. One pen costs ₹15, so eight pens cost ₹120.","Correct. One pen costs ₹15, so eight pens cost ₹120.","Incorrect. The correct answer is C: ₹120. One pen costs ₹15, so eight pens cost ₹120."
"SSC-QA-009","TRUE","SSC","SSC Quantitative Aptitude","Quantitative Aptitude","","The square of 15 is:","200","215","225","250","C","Incorrect. The correct answer is C: 225. 15 × 15 = 225.","Incorrect. The correct answer is C: 225. 15 × 15 = 225.","Correct. 15 × 15 = 225.","Incorrect. The correct answer is C: 225. 15 × 15 = 225."
"SSC-QA-010","TRUE","SSC","SSC Quantitative Aptitude","Quantitative Aptitude","","A can complete a job in 12 days. What fraction of the job does A complete in one day?","1/6","1/10","1/12","1/24","C","Incorrect. The correct answer is C: 1/12. At a constant rate, one day's work is 1/12 of the job.","Incorrect. The correct answer is C: 1/12. At a constant rate, one day's work is 1/12 of the job.","Correct. At a constant rate, one day's work is 1/12 of the job.","Incorrect. The correct answer is C: 1/12. At a constant rate, one day's work is 1/12 of the job."
"SSC-ENG-001","TRUE","SSC","SSC English","English","","Choose the synonym of 'rapid'.","Slow","Fast","Weak","Late","B","Incorrect. The correct answer is B: Fast. Rapid means fast or quick.","Correct. Rapid means fast or quick.","Incorrect. The correct answer is B: Fast. Rapid means fast or quick.","Incorrect. The correct answer is B: Fast. Rapid means fast or quick."
"SSC-ENG-002","TRUE","SSC","SSC English","English","","Choose the antonym of 'ancient'.","Old","Historic","Modern","Former","C","Incorrect. The correct answer is C: Modern. Modern is the opposite of ancient.","Incorrect. The correct answer is C: Modern. Modern is the opposite of ancient.","Correct. Modern is the opposite of ancient.","Incorrect. The correct answer is C: Modern. Modern is the opposite of ancient."
"SSC-ENG-003","TRUE","SSC","SSC English","English","","Choose the correctly spelled word.","Definately","Definitely","Definetly","Definatly","B","Incorrect. The correct answer is B: Definitely. The correct spelling is definitely.","Correct. The correct spelling is definitely.","Incorrect. The correct answer is B: Definitely. The correct spelling is definitely.","Incorrect. The correct answer is B: Definitely. The correct spelling is definitely."
"SSC-ENG-004","TRUE","SSC","SSC English","English","","Fill in the blank: She ___ to the office every day.","go","goes","going","gone","B","Incorrect. The correct answer is B: goes. With third-person singular 'she' in the simple present, the verb is 'goes'.","Correct. With third-person singular 'she' in the simple present, the verb is 'goes'.","Incorrect. The correct answer is B: goes. With third-person singular 'she' in the simple present, the verb is 'goes'.","Incorrect. The correct answer is B: goes. With third-person singular 'she' in the simple present, the verb is 'goes'."
"SSC-ENG-005","TRUE","SSC","SSC English","English","","Choose the correct plural of 'child'.","childs","childes","children","childrens","C","Incorrect. The correct answer is C: children. The irregular plural of child is children.","Incorrect. The correct answer is C: children. The irregular plural of child is children.","Correct. The irregular plural of child is children.","Incorrect. The correct answer is C: children. The irregular plural of child is children."
"SSC-ENG-006","TRUE","SSC","SSC English","English","","Identify the adjective in the sentence: 'The tall tree fell.'","The","tall","tree","fell","B","Incorrect. The correct answer is B: tall. Tall describes the noun tree, so it is the adjective.","Correct. Tall describes the noun tree, so it is the adjective.","Incorrect. The correct answer is B: tall. Tall describes the noun tree, so it is the adjective.","Incorrect. The correct answer is B: tall. Tall describes the noun tree, so it is the adjective."
"SSC-ENG-007","TRUE","SSC","SSC English","English","","Choose the correct passive form of 'The police arrested the thief.'","The thief arrested the police.","The thief was arrested by the police.","The police were arrested by the thief.","The thief is arresting the police.","B","Incorrect. The correct answer is B: The thief was arrested by the police.. The correct passive construction is 'The thief was arrested by the police.'","Correct. The correct passive construction is 'The thief was arrested by the police.'","Incorrect. The correct answer is B: The thief was arrested by the police.. The correct passive construction is 'The thief was arrested by the police.'","Incorrect. The correct answer is B: The thief was arrested by the police.. The correct passive construction is 'The thief was arrested by the police.'"
"SSC-ENG-008","TRUE","SSC","SSC English","English","","Choose the one-word substitution for 'a person who writes dictionaries'.","Biographer","Lexicographer","Cartographer","Stenographer","B","Incorrect. The correct answer is B: Lexicographer. A lexicographer compiles or writes dictionaries.","Correct. A lexicographer compiles or writes dictionaries.","Incorrect. The correct answer is B: Lexicographer. A lexicographer compiles or writes dictionaries.","Incorrect. The correct answer is B: Lexicographer. A lexicographer compiles or writes dictionaries."
"SSC-ENG-009","TRUE","SSC","SSC English","English","","Choose the correctly punctuated sentence.","Lets eat, Riya.","Let's eat Riya.","Let's eat, Riya.","Lets eat Riya.","C","Incorrect. The correct answer is C: Let's eat, Riya.. The apostrophe marks 'let us' and the comma sets off the name in direct address.","Incorrect. The correct answer is C: Let's eat, Riya.. The apostrophe marks 'let us' and the comma sets off the name in direct address.","Correct. The apostrophe marks 'let us' and the comma sets off the name in direct address.","Incorrect. The correct answer is C: Let's eat, Riya.. The apostrophe marks 'let us' and the comma sets off the name in direct address."
"SSC-ENG-010","TRUE","SSC","SSC English","English","","Choose the meaning of the idiom 'once in a blue moon'.","Very frequently","At night only","Very rarely","Without warning","C","Incorrect. The correct answer is C: Very rarely. Once in a blue moon means very rarely.","Incorrect. The correct answer is C: Very rarely. Once in a blue moon means very rarely.","Correct. Once in a blue moon means very rarely.","Incorrect. The correct answer is C: Very rarely. Once in a blue moon means very rarely."
"BANK-AWR-001","TRUE","Banking","Banking Awareness","Banking Awareness","","RBI is India's:","Central bank","Insurance regulator","Stock exchange","Development ministry","A","Correct. The Reserve Bank of India is the central bank of India.","Incorrect. The correct answer is A: Central bank. The Reserve Bank of India is the central bank of India.","Incorrect. The correct answer is A: Central bank. The Reserve Bank of India is the central bank of India.","Incorrect. The correct answer is A: Central bank. The Reserve Bank of India is the central bank of India."
"BANK-AWR-002","TRUE","Banking","Banking Awareness","Banking Awareness","","CRR stands for:","Cash Reserve Ratio","Credit Recovery Rate","Current Return Ratio","Capital Reserve Return","A","Correct. CRR stands for Cash Reserve Ratio.","Incorrect. The correct answer is A: Cash Reserve Ratio. CRR stands for Cash Reserve Ratio.","Incorrect. The correct answer is A: Cash Reserve Ratio. CRR stands for Cash Reserve Ratio.","Incorrect. The correct answer is A: Cash Reserve Ratio. CRR stands for Cash Reserve Ratio."
"BANK-AWR-003","TRUE","Banking","Banking Awareness","Banking Awareness","","SLR stands for:","Statutory Liquidity Ratio","Standard Lending Rate","Secured Loan Reserve","System Liquidity Return","A","Correct. SLR stands for Statutory Liquidity Ratio.","Incorrect. The correct answer is A: Statutory Liquidity Ratio. SLR stands for Statutory Liquidity Ratio.","Incorrect. The correct answer is A: Statutory Liquidity Ratio. SLR stands for Statutory Liquidity Ratio.","Incorrect. The correct answer is A: Statutory Liquidity Ratio. SLR stands for Statutory Liquidity Ratio."
"BANK-AWR-004","TRUE","Banking","Banking Awareness","Banking Awareness","","Which payment system settles high-value transactions individually in real time?","RTGS","Cheque book","Demand draft only","Passbook","A","Correct. RTGS stands for Real Time Gross Settlement and settles transactions individually in real time.","Incorrect. The correct answer is A: RTGS. RTGS stands for Real Time Gross Settlement and settles transactions individually in real time.","Incorrect. The correct answer is A: RTGS. RTGS stands for Real Time Gross Settlement and settles transactions individually in real time.","Incorrect. The correct answer is A: RTGS. RTGS stands for Real Time Gross Settlement and settles transactions individually in real time."
"BANK-AWR-005","TRUE","Banking","Banking Awareness","Banking Awareness","","IFSC is mainly used to identify:","A bank branch in electronic payments","A PAN holder","A loan guarantor","A currency note","A","Correct. IFSC uniquely identifies a bank branch for electronic payment systems.","Incorrect. The correct answer is A: A bank branch in electronic payments. IFSC uniquely identifies a bank branch for electronic payment systems.","Incorrect. The correct answer is A: A bank branch in electronic payments. IFSC uniquely identifies a bank branch for electronic payment systems.","Incorrect. The correct answer is A: A bank branch in electronic payments. IFSC uniquely identifies a bank branch for electronic payment systems."
"BANK-AWR-006","TRUE","Banking","Banking Awareness","Banking Awareness","","KYC stands for:","Know Your Customer","Keep Your Cash","Key Yield Calculation","Know Your Credit","A","Correct. KYC stands for Know Your Customer.","Incorrect. The correct answer is A: Know Your Customer. KYC stands for Know Your Customer.","Incorrect. The correct answer is A: Know Your Customer. KYC stands for Know Your Customer.","Incorrect. The correct answer is A: Know Your Customer. KYC stands for Know Your Customer."
"BANK-AWR-007","TRUE","Banking","Banking Awareness","Banking Awareness","","UPI is operated by:","NPCI","SEBI","IRDAI","CAG","A","Correct. The Unified Payments Interface is operated by the National Payments Corporation of India.","Incorrect. The correct answer is A: NPCI. The Unified Payments Interface is operated by the National Payments Corporation of India.","Incorrect. The correct answer is A: NPCI. The Unified Payments Interface is operated by the National Payments Corporation of India.","Incorrect. The correct answer is A: NPCI. The Unified Payments Interface is operated by the National Payments Corporation of India."
"BANK-AWR-008","TRUE","Banking","Banking Awareness","Banking Awareness","","A fixed deposit generally pays interest on money kept for:","A specified period","Only one day","No fixed duration by definition","Only during market hours","A","Correct. A fixed deposit places money for a specified tenure and typically offers a stated interest rate.","Incorrect. The correct answer is A: A specified period. A fixed deposit places money for a specified tenure and typically offers a stated interest rate.","Incorrect. The correct answer is A: A specified period. A fixed deposit places money for a specified tenure and typically offers a stated interest rate.","Incorrect. The correct answer is A: A specified period. A fixed deposit places money for a specified tenure and typically offers a stated interest rate."
"BANK-AWR-009","TRUE","Banking","Banking Awareness","Banking Awareness","","A cheque is best described as:","A written order to a bank to pay","An equity share","An insurance contract","A tax receipt","A","Correct. A cheque is a written order directing a bank to pay a specified sum.","Incorrect. The correct answer is A: A written order to a bank to pay. A cheque is a written order directing a bank to pay a specified sum.","Incorrect. The correct answer is A: A written order to a bank to pay. A cheque is a written order directing a bank to pay a specified sum.","Incorrect. The correct answer is A: A written order to a bank to pay. A cheque is a written order directing a bank to pay a specified sum."
"BANK-AWR-010","TRUE","Banking","Banking Awareness","Banking Awareness","","The repo rate is associated with borrowing by banks from:","RBI","SEBI","Stock exchanges","Insurance companies","A","Correct. The repo rate is associated with short-term borrowing by banks from the RBI against eligible securities.","Incorrect. The correct answer is A: RBI. The repo rate is associated with short-term borrowing by banks from the RBI against eligible securities.","Incorrect. The correct answer is A: RBI. The repo rate is associated with short-term borrowing by banks from the RBI against eligible securities.","Incorrect. The correct answer is A: RBI. The repo rate is associated with short-term borrowing by banks from the RBI against eligible securities."
"RRB-SCI-001","TRUE","Railways","Railways General Science","General Science","","The SI unit of force is:","Joule","Newton","Watt","Pascal","B","Incorrect. The correct answer is B: Newton. Newton is the SI unit of force.","Correct. Newton is the SI unit of force.","Incorrect. The correct answer is B: Newton. Newton is the SI unit of force.","Incorrect. The correct answer is B: Newton. Newton is the SI unit of force."
"RRB-SCI-002","TRUE","Railways","Railways General Science","General Science","","Which organ pumps blood through the human body?","Liver","Kidney","Heart","Lung","C","Incorrect. The correct answer is C: Heart. The heart pumps blood through the circulatory system.","Incorrect. The correct answer is C: Heart. The heart pumps blood through the circulatory system.","Correct. The heart pumps blood through the circulatory system.","Incorrect. The correct answer is C: Heart. The heart pumps blood through the circulatory system."
"RRB-SCI-003","TRUE","Railways","Railways General Science","General Science","","Water boils at approximately what temperature at standard atmospheric pressure?","0°C","50°C","100°C","150°C","C","Incorrect. The correct answer is C: 100°C. At standard atmospheric pressure, water boils at about 100°C.","Incorrect. The correct answer is C: 100°C. At standard atmospheric pressure, water boils at about 100°C.","Correct. At standard atmospheric pressure, water boils at about 100°C.","Incorrect. The correct answer is C: 100°C. At standard atmospheric pressure, water boils at about 100°C."
"RRB-SCI-004","TRUE","Railways","Railways General Science","General Science","","Which gas is used by plants during photosynthesis?","Oxygen","Carbon dioxide","Nitrogen","Hydrogen","B","Incorrect. The correct answer is B: Carbon dioxide. Plants use carbon dioxide during photosynthesis.","Correct. Plants use carbon dioxide during photosynthesis.","Incorrect. The correct answer is B: Carbon dioxide. Plants use carbon dioxide during photosynthesis.","Incorrect. The correct answer is B: Carbon dioxide. Plants use carbon dioxide during photosynthesis."
"RRB-SCI-005","TRUE","Railways","Railways General Science","General Science","","The basic unit of life is the:","Atom","Cell","Tissue","Organ","B","Incorrect. The correct answer is B: Cell. The cell is the basic structural and functional unit of life.","Correct. The cell is the basic structural and functional unit of life.","Incorrect. The correct answer is B: Cell. The cell is the basic structural and functional unit of life.","Incorrect. The correct answer is B: Cell. The cell is the basic structural and functional unit of life."
"RRB-SCI-006","TRUE","Railways","Railways General Science","General Science","","Which metal is liquid at ordinary room temperature?","Iron","Mercury","Aluminium","Copper","B","Incorrect. The correct answer is B: Mercury. Mercury is liquid at ordinary room temperature.","Correct. Mercury is liquid at ordinary room temperature.","Incorrect. The correct answer is B: Mercury. Mercury is liquid at ordinary room temperature.","Incorrect. The correct answer is B: Mercury. Mercury is liquid at ordinary room temperature."
"RRB-SCI-007","TRUE","Railways","Railways General Science","General Science","","Sound cannot travel through:","Air","Water","Steel","Vacuum","D","Incorrect. The correct answer is D: Vacuum. Sound requires a material medium and cannot travel through a vacuum.","Incorrect. The correct answer is D: Vacuum. Sound requires a material medium and cannot travel through a vacuum.","Incorrect. The correct answer is D: Vacuum. Sound requires a material medium and cannot travel through a vacuum.","Correct. Sound requires a material medium and cannot travel through a vacuum."
"RRB-SCI-008","TRUE","Railways","Railways General Science","General Science","","Which blood cells mainly help fight infections?","Red blood cells","White blood cells","Platelets","Plasma only","B","Incorrect. The correct answer is B: White blood cells. White blood cells are central to immune defence against infections.","Correct. White blood cells are central to immune defence against infections.","Incorrect. The correct answer is B: White blood cells. White blood cells are central to immune defence against infections.","Incorrect. The correct answer is B: White blood cells. White blood cells are central to immune defence against infections."
"RRB-SCI-009","TRUE","Railways","Railways General Science","General Science","","The planet known as the Red Planet is:","Venus","Mars","Jupiter","Mercury","B","Incorrect. The correct answer is B: Mars. Mars is commonly called the Red Planet because of iron oxides on its surface.","Correct. Mars is commonly called the Red Planet because of iron oxides on its surface.","Incorrect. The correct answer is B: Mars. Mars is commonly called the Red Planet because of iron oxides on its surface.","Incorrect. The correct answer is B: Mars. Mars is commonly called the Red Planet because of iron oxides on its surface."
"RRB-SCI-010","TRUE","Railways","Railways General Science","General Science","","Electric resistance is measured in:","Volt","Ampere","Ohm","Watt","C","Incorrect. The correct answer is C: Ohm. The ohm is the SI unit of electrical resistance.","Incorrect. The correct answer is C: Ohm. The ohm is the SI unit of electrical resistance.","Correct. The ohm is the SI unit of electrical resistance.","Incorrect. The correct answer is C: Ohm. The ohm is the SI unit of electrical resistance."
"BANK-QA-001","TRUE","Banking","Banking Quantitative Aptitude","Quantitative Aptitude","","What is 18% of 250?","35","40","45","50","C","Incorrect. The correct answer is C: 45. 18% of 250 = 45.","Incorrect. The correct answer is C: 45. 18% of 250 = 45.","Correct. 18% of 250 = 45.","Incorrect. The correct answer is C: 45. 18% of 250 = 45."
"BANK-QA-002","TRUE","Banking","Banking Quantitative Aptitude","Quantitative Aptitude","","A sum grows from ₹4,000 to ₹4,800. What is the percentage increase?","10%","15%","20%","25%","C","Incorrect. The correct answer is C: 20%. The increase is ₹800 and 800 ÷ 4000 × 100 = 20%.","Incorrect. The correct answer is C: 20%. The increase is ₹800 and 800 ÷ 4000 × 100 = 20%.","Correct. The increase is ₹800 and 800 ÷ 4000 × 100 = 20%.","Incorrect. The correct answer is C: 20%. The increase is ₹800 and 800 ÷ 4000 × 100 = 20%."
"BANK-QA-003","TRUE","Banking","Banking Quantitative Aptitude","Quantitative Aptitude","","The average of 16, 24, 32 and 40 is:","26","28","30","32","B","Incorrect. The correct answer is B: 28. The sum is 112 and 112 ÷ 4 = 28.","Correct. The sum is 112 and 112 ÷ 4 = 28.","Incorrect. The correct answer is B: 28. The sum is 112 and 112 ÷ 4 = 28.","Incorrect. The correct answer is B: 28. The sum is 112 and 112 ÷ 4 = 28."
"BANK-QA-004","TRUE","Banking","Banking Quantitative Aptitude","Quantitative Aptitude","","If 8 notebooks cost ₹240, what is the cost of 5 notebooks at the same rate?","₹120","₹150","₹175","₹200","B","Incorrect. The correct answer is B: ₹150. One notebook costs ₹30, so five cost ₹150.","Correct. One notebook costs ₹30, so five cost ₹150.","Incorrect. The correct answer is B: ₹150. One notebook costs ₹30, so five cost ₹150.","Incorrect. The correct answer is B: ₹150. One notebook costs ₹30, so five cost ₹150."
"BANK-QA-005","TRUE","Banking","Banking Quantitative Aptitude","Quantitative Aptitude","","Simple interest on ₹10,000 at 6% per annum for 2 years is:","₹600","₹900","₹1,200","₹1,600","C","Incorrect. The correct answer is C: ₹1,200. SI = 10000 × 6 × 2 ÷ 100 = ₹1,200.","Incorrect. The correct answer is C: ₹1,200. SI = 10000 × 6 × 2 ÷ 100 = ₹1,200.","Correct. SI = 10000 × 6 × 2 ÷ 100 = ₹1,200.","Incorrect. The correct answer is C: ₹1,200. SI = 10000 × 6 × 2 ÷ 100 = ₹1,200."
"BANK-QA-006","TRUE","Banking","Banking Quantitative Aptitude","Quantitative Aptitude","","If the ratio of two numbers is 4:7 and the first is 28, the second is:","35","42","49","56","C","Incorrect. The correct answer is C: 49. If 4 parts equal 28, one part is 7 and seven parts equal 49.","Incorrect. The correct answer is C: 49. If 4 parts equal 28, one part is 7 and seven parts equal 49.","Correct. If 4 parts equal 28, one part is 7 and seven parts equal 49.","Incorrect. The correct answer is C: 49. If 4 parts equal 28, one part is 7 and seven parts equal 49."
"BANK-QA-007","TRUE","Banking","Banking Quantitative Aptitude","Quantitative Aptitude","","A car travels 240 km in 4 hours. Average speed is:","50 km/h","55 km/h","60 km/h","65 km/h","C","Incorrect. The correct answer is C: 60 km/h. Average speed = 240 ÷ 4 = 60 km/h.","Incorrect. The correct answer is C: 60 km/h. Average speed = 240 ÷ 4 = 60 km/h.","Correct. Average speed = 240 ÷ 4 = 60 km/h.","Incorrect. The correct answer is C: 60 km/h. Average speed = 240 ÷ 4 = 60 km/h."
"BANK-QA-008","TRUE","Banking","Banking Quantitative Aptitude","Quantitative Aptitude","","What is the LCM of 6 and 15?","15","30","45","60","B","Incorrect. The correct answer is B: 30. The least common multiple of 6 and 15 is 30.","Correct. The least common multiple of 6 and 15 is 30.","Incorrect. The correct answer is B: 30. The least common multiple of 6 and 15 is 30.","Incorrect. The correct answer is B: 30. The least common multiple of 6 and 15 is 30."
"BANK-QA-009","TRUE","Banking","Banking Quantitative Aptitude","Quantitative Aptitude","","A discount of 12% on ₹1,000 equals:","₹100","₹110","₹120","₹140","C","Incorrect. The correct answer is C: ₹120. 12% of ₹1,000 is ₹120.","Incorrect. The correct answer is C: ₹120. 12% of ₹1,000 is ₹120.","Correct. 12% of ₹1,000 is ₹120.","Incorrect. The correct answer is C: ₹120. 12% of ₹1,000 is ₹120."
"BANK-QA-010","TRUE","Banking","Banking Quantitative Aptitude","Quantitative Aptitude","","If a number is divided by 5 and the result is 18, the number is:","70","80","90","100","C","Incorrect. The correct answer is C: 90. 18 × 5 = 90.","Incorrect. The correct answer is C: 90. 18 × 5 = 90.","Correct. 18 × 5 = 90.","Incorrect. The correct answer is C: 90. 18 × 5 = 90."
"BANK-REAS-001","TRUE","Banking","Banking Reasoning","Reasoning","","Find the next term: 5, 10, 20, 40, __","50","60","70","80","D","Incorrect. The correct answer is D: 80. Each term is doubled, so 40 × 2 = 80.","Incorrect. The correct answer is D: 80. Each term is doubled, so 40 × 2 = 80.","Incorrect. The correct answer is D: 80. Each term is doubled, so 40 × 2 = 80.","Correct. Each term is doubled, so 40 × 2 = 80."
"BANK-REAS-002","TRUE","Banking","Banking Reasoning","Reasoning","","If CAT is coded as DBU by moving each letter one step forward, DOG becomes:","EPH","EOH","DPH","FQI","A","Correct. D→E, O→P and G→H, giving EPH.","Incorrect. The correct answer is A: EPH. D→E, O→P and G→H, giving EPH.","Incorrect. The correct answer is A: EPH. D→E, O→P and G→H, giving EPH.","Incorrect. The correct answer is A: EPH. D→E, O→P and G→H, giving EPH."
"BANK-REAS-003","TRUE","Banking","Banking Reasoning","Reasoning","","A is older than B, and B is older than C. Who is youngest?","A","B","C","Cannot be determined","C","Incorrect. The correct answer is C: C. If A > B > C in age, C is the youngest.","Incorrect. The correct answer is C: C. If A > B > C in age, C is the youngest.","Correct. If A > B > C in age, C is the youngest.","Incorrect. The correct answer is C: C. If A > B > C in age, C is the youngest."
"BANK-REAS-004","TRUE","Banking","Banking Reasoning","Reasoning","","Which one is different from the others?","January","March","May","Monday","D","Incorrect. The correct answer is D: Monday. January, March and May are months; Monday is a day of the week.","Incorrect. The correct answer is D: Monday. January, March and May are months; Monday is a day of the week.","Incorrect. The correct answer is D: Monday. January, March and May are months; Monday is a day of the week.","Correct. January, March and May are months; Monday is a day of the week."
"BANK-REAS-005","TRUE","Banking","Banking Reasoning","Reasoning","","If SOUTH is written as HTUOS, how is NORTH written in the same pattern?","HTRON","NORTH","TROHN","HTNOR","A","Correct. The pattern reverses the letters, so NORTH becomes HTRON.","Incorrect. The correct answer is A: HTRON. The pattern reverses the letters, so NORTH becomes HTRON.","Incorrect. The correct answer is A: HTRON. The pattern reverses the letters, so NORTH becomes HTRON.","Incorrect. The correct answer is A: HTRON. The pattern reverses the letters, so NORTH becomes HTRON."
"BANK-REAS-006","TRUE","Banking","Banking Reasoning","Reasoning","","Ravi walks east, then turns left. Which direction is he facing?","North","South","West","East","A","Correct. A left turn from east points north.","Incorrect. The correct answer is A: North. A left turn from east points north.","Incorrect. The correct answer is A: North. A left turn from east points north.","Incorrect. The correct answer is A: North. A left turn from east points north."
"BANK-REAS-007","TRUE","Banking","Banking Reasoning","Reasoning","","Complete the analogy: Book : Read :: Song : __","Write","Listen","Draw","Count","B","Incorrect. The correct answer is B: Listen. A book is read and a song is listened to.","Correct. A book is read and a song is listened to.","Incorrect. The correct answer is B: Listen. A book is read and a song is listened to.","Incorrect. The correct answer is B: Listen. A book is read and a song is listened to."
"BANK-REAS-008","TRUE","Banking","Banking Reasoning","Reasoning","","If all pens are stationery and some stationery is costly, which statement must be true?","All pens are costly","Pens are stationery","No pen is costly","All stationery is pens","B","Incorrect. The correct answer is B: Pens are stationery. The first premise directly states that pens are stationery.","Correct. The first premise directly states that pens are stationery.","Incorrect. The correct answer is B: Pens are stationery. The first premise directly states that pens are stationery.","Incorrect. The correct answer is B: Pens are stationery. The first premise directly states that pens are stationery."
"BANK-REAS-009","TRUE","Banking","Banking Reasoning","Reasoning","","Find the missing number: 2, 6, 12, 20, __","24","28","30","32","C","Incorrect. The correct answer is C: 30. The pattern is n(n+1): 1×2, 2×3, 3×4, 4×5, then 5×6 = 30.","Incorrect. The correct answer is C: 30. The pattern is n(n+1): 1×2, 2×3, 3×4, 4×5, then 5×6 = 30.","Correct. The pattern is n(n+1): 1×2, 2×3, 3×4, 4×5, then 5×6 = 30.","Incorrect. The correct answer is C: 30. The pattern is n(n+1): 1×2, 2×3, 3×4, 4×5, then 5×6 = 30."
"BANK-REAS-010","TRUE","Banking","Banking Reasoning","Reasoning","","Which pair has the same relationship as 3:9?","4:8","5:25","6:12","7:14","B","Incorrect. The correct answer is B: 5:25. 9 is the square of 3, and 25 is the square of 5.","Correct. 9 is the square of 3, and 25 is the square of 5.","Incorrect. The correct answer is B: 5:25. 9 is the square of 3, and 25 is the square of 5.","Incorrect. The correct answer is B: 5:25. 9 is the square of 3, and 25 is the square of 5."
"RRB-MATH-001","TRUE","Railways","Railways Mathematics","Mathematics","","What is 35% of 200?","60","65","70","75","C","Incorrect. The correct answer is C: 70. 35% of 200 = 70.","Incorrect. The correct answer is C: 70. 35% of 200 = 70.","Correct. 35% of 200 = 70.","Incorrect. The correct answer is C: 70. 35% of 200 = 70."
"RRB-MATH-002","TRUE","Railways","Railways Mathematics","Mathematics","","The HCF of 36 and 48 is:","6","8","12","16","C","Incorrect. The correct answer is C: 12. The greatest common factor of 36 and 48 is 12.","Incorrect. The correct answer is C: 12. The greatest common factor of 36 and 48 is 12.","Correct. The greatest common factor of 36 and 48 is 12.","Incorrect. The correct answer is C: 12. The greatest common factor of 36 and 48 is 12."
"RRB-MATH-003","TRUE","Railways","Railways Mathematics","Mathematics","","A train covers 90 km in 1.5 hours. Its average speed is:","50 km/h","60 km/h","70 km/h","80 km/h","B","Incorrect. The correct answer is B: 60 km/h. 90 ÷ 1.5 = 60 km/h.","Correct. 90 ÷ 1.5 = 60 km/h.","Incorrect. The correct answer is B: 60 km/h. 90 ÷ 1.5 = 60 km/h.","Incorrect. The correct answer is B: 60 km/h. 90 ÷ 1.5 = 60 km/h."
"RRB-MATH-004","TRUE","Railways","Railways Mathematics","Mathematics","","The square root of 225 is:","12","13","14","15","D","Incorrect. The correct answer is D: 15. 15 × 15 = 225.","Incorrect. The correct answer is D: 15. 15 × 15 = 225.","Incorrect. The correct answer is D: 15. 15 × 15 = 225.","Correct. 15 × 15 = 225."
"RRB-MATH-005","TRUE","Railways","Railways Mathematics","Mathematics","","If 7 workers complete a task in 8 days at the same rate, total worker-days are:","48","54","56","64","C","Incorrect. The correct answer is C: 56. 7 × 8 = 56 worker-days.","Incorrect. The correct answer is C: 56. 7 × 8 = 56 worker-days.","Correct. 7 × 8 = 56 worker-days.","Incorrect. The correct answer is C: 56. 7 × 8 = 56 worker-days."
"RRB-MATH-006","TRUE","Railways","Railways Mathematics","Mathematics","","What is the average of 5, 10, 15, 20 and 25?","12","15","18","20","B","Incorrect. The correct answer is B: 15. The sum is 75 and 75 ÷ 5 = 15.","Correct. The sum is 75 and 75 ÷ 5 = 15.","Incorrect. The correct answer is B: 15. The sum is 75 and 75 ÷ 5 = 15.","Incorrect. The correct answer is B: 15. The sum is 75 and 75 ÷ 5 = 15."
"RRB-MATH-007","TRUE","Railways","Railways Mathematics","Mathematics","","A 10% increase on 500 gives:","510","525","550","600","C","Incorrect. The correct answer is C: 550. 10% of 500 is 50, so the new value is 550.","Incorrect. The correct answer is C: 550. 10% of 500 is 50, so the new value is 550.","Correct. 10% of 500 is 50, so the new value is 550.","Incorrect. The correct answer is C: 550. 10% of 500 is 50, so the new value is 550."
"RRB-MATH-008","TRUE","Railways","Railways Mathematics","Mathematics","","The ratio 12:18 simplifies to:","2:3","3:4","4:5","6:7","A","Correct. Dividing both terms by 6 gives 2:3.","Incorrect. The correct answer is A: 2:3. Dividing both terms by 6 gives 2:3.","Incorrect. The correct answer is A: 2:3. Dividing both terms by 6 gives 2:3.","Incorrect. The correct answer is A: 2:3. Dividing both terms by 6 gives 2:3."
"RRB-MATH-009","TRUE","Railways","Railways Mathematics","Mathematics","","What is 3/4 of 120?","80","90","100","110","B","Incorrect. The correct answer is B: 90. 120 × 3 ÷ 4 = 90.","Correct. 120 × 3 ÷ 4 = 90.","Incorrect. The correct answer is B: 90. 120 × 3 ÷ 4 = 90.","Incorrect. The correct answer is B: 90. 120 × 3 ÷ 4 = 90."
"RRB-MATH-010","TRUE","Railways","Railways Mathematics","Mathematics","","Simple interest on ₹3,000 at 10% for 1 year is:","₹200","₹250","₹300","₹350","C","Incorrect. The correct answer is C: ₹300. SI = 3000 × 10 × 1 ÷ 100 = ₹300.","Incorrect. The correct answer is C: ₹300. SI = 3000 × 10 × 1 ÷ 100 = ₹300.","Correct. SI = 3000 × 10 × 1 ÷ 100 = ₹300.","Incorrect. The correct answer is C: ₹300. SI = 3000 × 10 × 1 ÷ 100 = ₹300."
